{
    "Zero-Shot LLM": {
        "accuracy": 0.75,
        "top3_accuracy": 0.9166666666666666,
        "precision": 0.7818783068783068,
        "recall": 0.75,
        "f1_score": 0.7524457705787629,
        "multi_tag_recall": 0.9083333333333333,
        "avg_latency_ms": 0.038798650105794266,
        "total_latency_sec": 0.0023279190063476562
    },
    "Few-Shot LLM": {
        "accuracy": 0.75,
        "top3_accuracy": 0.9166666666666666,
        "precision": 0.7818783068783068,
        "recall": 0.75,
        "f1_score": 0.7524457705787629,
        "multi_tag_recall": 0.9083333333333333,
        "avg_latency_ms": 0.04092057545979817,
        "total_latency_sec": 0.0024552345275878906
    }
}